INSERT INTO Warriors_Characters VALUES ('CharacterName1',6,'ClanName1','JobName1','Moms Name','Dads Name',8,'SkillName1');
INSERT INTO Warriors_Characters VALUES ('CharacterName2',6,'ClanName2','JobName2','Moms Name','Dads Name',8,'SkillName1');
INSERT INTO Warriors_Characters VALUES ('CharacterName3',6,'ClanName3','JobName3','Moms Name','Dads Name',8,'SkillName2');
INSERT INTO Warriors_Characters VALUES ('CharacterName4',6,'ClanName4','JobName3','Moms Name','Dads Name',8,'SkillName3');
INSERT INTO Warriors_Characters VALUES ('CharacterName5',6,'ClanName4','JobName4','Moms Name','Dads Name',8,'SkillName4');

INSERT INTO Warriors_Clans VALUES ('ClanName1', 45);
INSERT INTO Warriors_Clans VALUES ('ClanName2', 45);
INSERT INTO Warriors_Clans VALUES ('ClanName3', 45);
INSERT INTO Warriors_Clans VALUES ('ClanName4', 45);
INSERT INTO Warriors_Clans VALUES ('ClanName5', 45);

INSERT INTO Warriors_Skill_Levels VALUES ('SkillName1');
INSERT INTO Warriors_Skill_Levels VALUES ('SkillName2');
INSERT INTO Warriors_Skill_Levels VALUES ('SkillName3');
INSERT INTO Warriors_Skill_Levels VALUES ('SkillName4');
INSERT INTO Warriors_Skill_Levels VALUES ('SkillName5');

INSERT INTO Warriors_Certifications VALUES ('CertName1', 'SkillName1');
INSERT INTO Warriors_Certifications VALUES ('CertName2', 'SkillName2');
INSERT INTO Warriors_Certifications VALUES ('CertName3', 'SkillName3');
INSERT INTO Warriors_Certifications VALUES ('CertName4', 'SkillName4');
INSERT INTO Warriors_Certifications VALUES ('CertName5', 'SkillName5');

INSERT INTO Warriors_Jobs VALUES ('CharacterName1','JobName1','CertName1');
INSERT INTO Warriors_Jobs VALUES ('CharacterName2','JobName2','CertName2');
INSERT INTO Warriors_Jobs VALUES ('CharacterName3','JobName3','CertName3');
INSERT INTO Warriors_Jobs VALUES ('CharacterName4','JobName4','CertName4');
INSERT INTO Warriors_Jobs VALUES ('CharacterName5','JobName5','CertName5'); 